<?xml version="1.0" encoding="UTF-8"?>
<modification>
  <name>mixplat</name>
  <code>mixplat</code>
  <version>1.0.0</version>
  <author>mixplat</author>
  <link>https://mixplat.ru/</link>
  <file path="catalog/view/theme/*/template/account/order_list.tpl">
    <operation>
      <search>
        <![CDATA[ <?php foreach ($orders as $order) { ?> ]]>
      </search>
      <add position="after">
        <![CDATA[ <div class="pull-left">
            <?php
            if (isset($order['mixplatpro_order']) && $order['mixplatpro_order'] !='') {
                
                  echo '<script> $(document).ready(function(){
                  $(\'a[href$="order_id='.$order['order_id'].'"]\').before(" <div class=\"pull-left\" style=\"margin-right:4px;\" ><a class=\"'.$order['mixplatprostyle'].'\" href=\"index.php?route=payment/mixplat/go&code=' . $order['mixplatpro_order'] . '&order_id='.$order['order_id'].'\" >'.$order['mixplatprotext'].'</a></div> "); }); </script>';

            }
            ?>
        </div> ]]>
      </add>
    </operation>
  </file>
  <file path="catalog/controller/account/order.php">
    <operation>
      <search>
        <![CDATA[ $data['orders'][] = array( ]]>
      </search>
      <add position="before">
        <![CDATA[ //mixplatPRO
        
          $this->load->model('payment/mixplat');
          $mixplatpro = '';
          $mixplatprotext = '';
          $mixplatprostyle = '';
          $mixplatproquery = $this->model_payment_mixplat->getPaymentAcc($result['order_id']);
          if (strpos($mixplatproquery['payment_code'], 'mixplat') !== false && $this->config->get($mixplatproquery['payment_code'].'_status')){
                if ($this->config->get($mixplatproquery['payment_code'].'_on_status_id') == $mixplatproquery['order_status_id']){
                  $this->language->load('payment/mixplatpro');
                  $this->language->load('payment/'.$mixplatproquery['payment_code']);
                  $mixplatprotext = $this->language->get('pay_text');
                  $mixplatpro = $this->model_payment_mixplat->getSecureCode($result['order_id']);
                  $mixplatprostyle = 'btn btn-primary btn-info mixplat';
                }
          }
          //mixplatPRO END ]]>
      </add>
    </operation>
    <operation>
      <search>
        <![CDATA[ $data['orders'][] = array( ]]>
      </search>
      <add position="after">
        <![CDATA[ //mixplatPRO
          'mixplatpro_order'      => $mixplatpro,
          'mixplatprostyle'      => $mixplatprostyle,
          'mixplatprotext'      => $mixplatprotext,

          //mixplatPRO END ]]>
      </add>
    </operation>
  </file>
  <file path="admin/controller/common/menu.php">
    <operation>
      <search><![CDATA[$data['text_zone']]]></search>
      <add position="before"><![CDATA[ $data['text_mixplat'] = 'MIXPLAT';]]></add>
    </operation>
    <operation>
      <search><![CDATA[$data['zone']]]></search>
      <add position="before"><![CDATA[ $data['mixplat'] = $this->url->link('payment/mixplat/status', 'token=' . $this->session->data['token'], 'SSL'); ]]></add>
    </operation>
  </file>
  <file path="admin/view/template/common/menu.tpl">
    <operation>
      <search><![CDATA[<li><a class="parent"><?php echo $text_paypal ?></a>]]></search>
      <add position="before"><![CDATA[ <li><a href="<?php echo $mixplat; ?>"><?php echo $text_mixplat; ?></a></li>]]></add>
    </operation>
  </file> 
  <file path="admin/controller/sale/order.php">
    <operation>
       <search>
       <![CDATA[ $this->response->setOutput($this->load->view('sale/order_info.tpl', $data)); ]]>
       </search>
       <add position="before">
       <![CDATA[
        if (strpos($order_info['payment_code'], 'mixplat') !== false && $this->config->get($order_info['payment_code'].'_status')){
          $this->language->load('payment/mixplatpro');
          $this->language->load('payment/'.$order_info['payment_code']);
          $data['mixplatprotext'] = $this->language->get('pay_text_admin');
          $this->load->model('payment/mixplat');
          $data['mixplatpro_link'] = $this->model_payment_mixplat->getCustomFields($order_info, 'pay_link');
        }
       ]]>
       </add>
    </operation>
  </file>
  <file path="admin/view/template/sale/order_info.tpl">
    <operation>
    <search offset="1">
       <![CDATA[ <div id="history"></div> ]]>
    </search>
    <add position="after">
         <![CDATA[ <?php if (isset($mixplatpro_link)){ ?>
          <div class="form-group">
            <label class="col-sm-2 control-label"><?php echo $mixplatprotext; ?></label>
            <div class="col-sm-10"><?php echo $mixplatpro_link; ?></div>
          </div>
          <?php }
          ?> ]]>
    </add>
  </operation>
  </file>
  <file path="catalog/model/checkout/order.php">
    <operation>
    <search>
       <![CDATA[ $this->cache->delete('product'); ]]>
    </search>
    <add position="after">
        <![CDATA[ 
        if ($order_info['order_status_id'] && $order_status_id) {
          if (strpos($order_info['payment_code'], 'mixplat') !== false && $this->config->get($order_info['payment_code'].'_status')){
                if ($this->config->get($order_info['payment_code'].'_on_status_id') == $order_status_id){
                  $this->language->load('payment/mixplatpro');
                  $this->language->load('payment/'.$order_info['payment_code']);
                  $this->load->model('payment/mixplat');
                  $merchant = $this->model_payment_mixplat->getCustomFields($order_info, 'pay_link');
                  $merchant_url = sprintf($this->language->get('merchant_url'), $merchant);
                  if ($comment){
                    $comment .= "\n\n";
                  }
                  $procomment = $comment . sprintf($this->language->get('text_history'), $merchant);
                  $order_history_id = $this->db->getLastId();
                  $this->db->query("UPDATE `" . DB_PREFIX . "order_history` SET comment = '" .  $this->db->escape($procomment) . "' WHERE order_id = '" . (int)$order_id . "' AND order_status_id = '" . (int)$order_status_id ."' AND  order_history_id = '" .$order_history_id. "' ");
                  $comment .= $this->language->get('text_stat') . "\n" . html_entity_decode($merchant_url, ENT_QUOTES, 'UTF-8') . "\n\n";
                }
          }
        }
        ]]>
    </add>
  </operation>
  </file>
</modification>